PLAY #,ODK,OPP TEAM,DEF TEAM,SITUATION,PERSONNEL,ALT PERS,DN,DIST,YARD LN,HASH,OFF FORM,OFF STR,OPP FORM,BACKFIELD,FORM VAR,FORM SHELL,FIB,MOTION,PLAY TYPE,DIRECTION/ACTION,OFF PLAY,PLAY DIR,OFF CONCEPT,BLOCKING ADJ,OPP PLAY,HIT,RESULT,GN/LS,BALLCARRIER,NOTES,PACKAGE,DISGUISE,DEF FRONT,STUNT,BLITZ,COVERAGE,READ COV,AWAY COV,CUTUP,RS ROUTES,AS ROUTES,PASS PRO,PASS PRO FAM,C TURN,PASS PRO A,PASS PRO B,PASS PRO H,PASS PRO Y
55,O,BUCHANAN,WEST,,11,11,1,19,33,L,G WK PRO TWINS Y OFF,L,,G WK,Y OFF,PRO TWINS,,BOLT WK,Pass,QK,INV $/HITCH-ARROW,R,INV $,,,FIELD,Complete,5,,,,,SET-G,,,4-BRONCO,,,,SNAG-CORNER,HITCH- SPEED OUT,SWING,,,,,,
106,O,BUCHANAN,WEST,,11,11,1,20,23,L,G WK PRO TWINS Y OFF,L,,G WK,Y OFF,PRO TWINS,,BOLT WK,Pass,QK,INV $/IN-ARROW,R,INV $,,,FIELD,Incomplete,0,,,,,SET-G,,,4-BRONCO,,,,SNAG-CORNER,SLANT-SPEED OUT,SWING,,,,,,
44,O,BUCHANAN,LIBERTY,,11,11,1,10,-34,L,G WK PRO TWINS Y OFF,L,,G WK,Y OFF,PRO TWINS,,BOLT WK,Pass,QK,INV $/CURL-FLAT,R,INV $,,,FIELD,Complete,4,,,,,ODD,,3 BASE,0 UNDER,,,,,,SWING,,,,,,
37,O,BUCHANAN,WEST,,11,11,2,9,46,M,G WK PRO TWINS Y OFF,R,,G WK,Y OFF,PRO TWINS,,BOLT WK,Pass,QK,MONEY/SLANT-ARROW,R,MONEY,,,LEFT,Complete,3,,,,,SET-G,,,4-BRONCO,,,,FADE-HITCH,SLANT-SPEED OUT,SWING,,,,,,
10,O,BUCHANAN,WEST,RZ,11,11,1,10,20,M,G WK PRO TWINS Y OFF,R,,G WK,Y OFF,PRO TWINS,,BOLT WK,Pass,QK,INV $/SLANT-ARROW,L,INV $,,,FIELD,Incomplete,0,,,,,SET-G,,,4-BRONCO,,,,SNAG-CORNER,SLANT-SPEED OUT,SWING,,,,,,
21,O,BUCHANAN,CENTRAL,,11,11,3,4,-41,L,G WK PRO TWINS Y OFF,L,,G WK,Y OFF,PRO TWINS,,BOLT WK,Pass,QK,INV $/X SLANT,R,INV $,,,FIELD,Scramble,14,,,,,MINT,,,0,,,,SLANT-CORNER,SNAG,SWING,,,,,,
90,O,BUCHANAN,LIBERTY,,11,11,3,5,-25,M,G WK PRO TWINS Y OFF,L,,G WK,Y OFF,PRO TWINS,,N,Pass,QK,INV $/SLANTS,R,INV $,,,LEFT,"Complete, TD",75,,,,,ODD,,4 WEAK B,0 MAN,,,,,,BOB,,,,,,
11,O,BUCHANAN,WEST,RZ,11,11,2,10,20,M,G WK PRO TWINS Y OFF,R,,G WK,Y OFF,PRO TWINS,,N,Pass,DB,LOBO,L,LOBO,,,FIELD,Complete,5,,,,,SET-G,,,4-BRONCO,,,,DIG-SEAM,SNAG-POST,BOB,,,,,,
127,O,BUCHANAN,CENTRAL,,11,11,2,18,23,L,G WK PRO TWINS Y OFF,L,,G WK,Y OFF,PRO TWINS,,N,Pass,DB,LOBO POST,R,LOBO,,,FIELD,Incomplete,0,,,,,DIME,,SMOKE,,,,,,,BOB,,,,,,
97,O,BUCHANAN,CENTRAL,,11,11,3,10,-49,L,G WK TRIPS,L,,G WK,N,TRIPS,,N,Pass,DB,LOBO,R,LOBO,,,FIELD,"Interception, Def TD",0,,,,,MINT,,,,,,,,,HALF SLIDE,,,,,,
15,O,BUCHANAN,DE LA SALLE,,11,11,2,12,-8,R,G ST TREY OPEN Y OFF,L,,G ST,Y OFF,TREY OPEN,,N,Pass,DB,LOBO/X POCO,L,LOBO,,,BOUND,Rush,5,,,,,,,,,,,,,,,,,,,,
12,O,BUCHANAN,WEST,RZ,11,11,3,5,15,L,G ST TREY OPEN Y OFF,R,,G ST,Y OFF,TREY OPEN,,N,Pass,DB,DIG-PIVOT-SEAM,R,DIG-PIVOT-SEAM,,,FIELD,"Complete, TD",15,,,,,SET-G,,,4-SKY,,,,DIG-HITCH-SEAM,FADE,HALF SLIDE,,,,,,
12,O,BUCHANAN,LIBERTY,,11,11,1,21,31,L,G ST TREY OPEN Y OFF,R,,G ST,Y OFF,TREY OPEN,,N,Pass,DB,DIG-PIVOT-SEAM,L,DIG-PIVOT-SEAM,,,FIELD,Sack,-6,,,,,ODD,,3 BASE,0 UNDER,,,,,,HALF SLIDE,,,,,,
57,O,BUCHANAN,WEST,,11,11,3,8,22,R,G ST TREY OPEN Y OFF,L,,G ST,Y OFF,TREY OPEN,,N,Pass,DB,DIG-PIVOT-SEAM,L,DIG-PIVOT-SEAM,,,FIELD,Incomplete,0,,,,,SET-G,,SMOKE,4-SKY,,,,DIG-PIVOT-SEAM,FADE,HALF SLIDE,,,,,,
118,O,BUCHANAN,CENTRAL,,11,11,3,5,-36,R,G WK TRIPS,R,,G WK,N,TRIPS,,N,Pass,SPRINT,PIVOT-WHEEL-OUT,L,PIVOT-WHEEL-OUT,,,FIELD,Penalty,15,,,,,MINT,,,,,,,,,1/2 ROLL,,,,,,
126,O,BUCHANAN,CENTRAL,RZ,11,11,1,10,15,R,G WK TRIPS,R,,G WK,N,TRIPS,,N,Pass,SPRINT,PIVOT-WHEEL-OUT,L,PIVOT-WHEEL-OUT,,,FIELD,Sack,-8,,,,,MINT,,BULLETS,,,,,,,SPRINT,,,,,,
107,O,BUCHANAN,WEST,,11,11,2,20,23,L,G WK TRIPS,L,,G WK,N,TRIPS,,N,Pass,SPRINT,PIVOT-WHEEL-OUT,R,PIVOT-WHEEL-OUT,,,FIELD,Rush,4,,,,,WC-G,,,BLUE-LOCK SOLO,,,,PIVOT-FADE-OUT,DIG,,,,,,,
19,O,BUCHANAN,CENTRAL,P,11,11,1,10,-35,R,G WK PRO TWINS,R,,G WK,N,PRO TWINS,,ZIN,Pass,RPO,STRETCH OG ST/HITCHES,L,STRETCH PIN PULL RPO,,,BOUND,Complete,5,,,,,MINT,,,0,,,,,,PAP,,,,,,
60,O,BUCHANAN,CENTRAL,,11,11,2,5,-43,R,G WK PRO TWINS,R,,G WK,N,PRO TWINS,,ZIN,Pass,RPO,STRETCH OG ST/HITCHES,L,STRETCH PIN PULL RPO,,,FIELD,Complete,4,,,,,MINT,,,,,,,,,PAP,,,,,,
107,O,BUCHANAN,CENTRAL,,11,11,2,9,47,R,G WK TREY OPEN,L,,G WK,N,TREY OPEN,,N,Pass,RPO,STRETCH OG ST/X SLANT,R,STRETCH PIN PULL RPO,,,FIELD,Sack,-2,,,,,MINT,,,,,,,,,PAP,,,,,,
123,O,BUCHANAN,CENTRAL,,11,11,2,23,41,L,G ST PRO TWINS Y OFF,L,,G ST,Y OFF,PRO TWINS,,N,Pass,DB,VERTS,L,VERTS,,,BOUND,Penalty,15,,,,,DIME,,SMOKE,,,,,,,HALF SLIDE,,,,,,
81,O,BUCHANAN,CENTRAL,,11,11,1,10,-43,L,G WK PRO TWINS Y OFF,L,,G WK,Y OFF,PRO TWINS,,N,Pass,DB,VERTS,R,VERTS,,,FIELD,Incomplete,0,,,,,MINT,,,,,,,,,HALF SLIDE,,,,,,
112,O,BUCHANAN,WEST,RZ,11,11,2,15,15,R,G WK TRIPS,R,,G WK,N,TRIPS,,N,Pass,DB,VERTS,,VERTS,,,FIELD,,0,,,,,,,,BLUE- LOCK SOLO,,,,VERTS,POST,,,,,,,
69,O,BUCHANAN,WEST,P,11,11,1,10,-29,R,G ST TREY OPEN Y OFF,L,,G ST,Y OFF,TREY OPEN,,N,Pass,SPRINT,COMEBACK-FLAT-CORNER,L,COMEBACK-FLAT-CORNER,,,FIELD,Complete,18,,,,,SET-G,,,4-SKY,,,,COMEBACK-SPEED OUT-OUT,OVER,ROLL,,,,,,
108,O,BUCHANAN,WEST,RZ,11,11,3,16,19,R,G WK TRIPS,R,,G WK,N,TRIPS,,N,Pass,SPRINT,COMEBACK-FLAT-CORNER,R,COMEBACK-FLAT-CORNER,,,FIELD,Complete,17,,,,,WC-G,,,BLUE-LOCK SOLO,,,,OUT-SPEED OUT-CORNER,DIG,SPRINT,,,,,,
116,O,BUCHANAN,CENTRAL,,11,11,1,10,-31,L,G WK TRIPS,L,,G WK,N,TRIPS,,N,Pass,SPRINT,COMEBACK-FLAT-OUT,R,COMEBACK-FLAT-OUT,,,FIELD,Complete,4,,,,,MINT,,,,,,,,,SPRINT,,,,,,
122,O,BUCHANAN,CENTRAL,,11,11,2,10,28,L,G WK TRIPS,L,,G WK,N,TRIPS,,N,Pass,SPRINT,COMEBACK-FLAT-OUT,R,COMEBACK-FLAT-OUT,,,FIELD,Penalty,-13,,,,,DIME,,BULLETS,,,,,,,1/2 ROLL,,,,,,
82,O,BUCHANAN,CENTRAL,,11,11,2,10,-43,L,G WK PRO TWINS Y OFF,L,,G WK,Y OFF,PRO TWINS,,N,Pass,RPO,CTR OY WK/HOT,R,COUNTER RPO,,,FIELD,Complete,0,,,,,MINT,,,,,,,,,PAP,,,,,,
22,O,BUCHANAN,CENTRAL,,11,11,1,10,45,R,G ST TREY OPEN Y OFF,R,,G ST,Y OFF,TREY OPEN,,UAC,Pass,RPO,CTR OY WK/SLANTS,L,COUNTER RPO,,,FIELD,Complete,14,,,,,MINT,,,0,,,,POST-SLANT,HITCH,PAP,,,,,,
95,O,BUCHANAN,CENTRAL,,11,1,1,10,-49,R,EG TREY OPEN Y OFF TWINS,L,,EG,Y OFF,EMPTY TE,,R OUT WK,Pass,DB,CURL-POST/SLANT-WHEEL,R,CURL-POST/SLANT-WHEEL,,,BOUND,Incomplete,0,,,,,DIME,,,,,,,,,BOB,,,,,,
105,O,BUCHANAN,CENTRAL,,11,1,2,6,-38,R,EG TREY OPEN Y OFF TWINS,L,,EG,Y OFF,EMPTY TE,,R OUT WK,Pass,DB,CURL-POST/SLANT-WHEEL,L,CURL-POST/SLANT-WHEEL,,,BOUND,Complete,14,,,,,MINT,,,,,,,,,BOB,,,,,,
128,O,BUCHANAN,CENTRAL,,11,11,3,18,23,L,G WK PRO TWINS Y OFF,L,,G WK,Y OFF,PRO TWINS,,N,Pass,DB,F SLUGGO,L,F SLUGGO,,,FIELD,Incomplete,0,,,,,DIME,,SMOKE,,,,,,,BOB,,,,,,
83,O,BUCHANAN,WEST,P,11,11,1,10,-33,R,G ST TREY OPEN Y OFF,L,,G ST,Y OFF,TREY OPEN,,N,Pass,DB,F SLUGGO,L,F SLUGGO,,,FIELD,"Complete, TD",67,,TUBE,,,WC-G,,,4-SKY,,,,HITCH-CORNER,HITCH,BOB,,,,,,
16,O,BUCHANAN,DE LA SALLE,,11,11,3,7,-13,R,G ST TREY OPEN Y OFF,L,,G ST,Y OFF,TREY OPEN,,N,Pass,SPRINT,FLOOD,L,FLOOD,,,FIELD,Rush,-6,,,,,,,,,,,,,,,,,,,,
115,O,BUCHANAN,CENTRAL,P,11,11,1,10,-18,R,G WK TRIPS,R,,G WK,N,TRIPS,,N,Pass,SPRINT,FLOOD,L,FLOOD,,,FIELD,Complete,13,,,,,MINT,,,,,,,,,1/2 ROLL,,,,,,
93,O,BUCHANAN,CENTRAL,,11,11,3,9,-19,R,G ST PRO TWINS Y OFF,R,,G ST,Y OFF,PRO TWINS,,N,Pass,DB,MESH PYRAMID,R,MESH PYRAMID,,,BOUND,Penalty,20,,,,,DIME,,BULLETS,,,,,,,SWING,,,,,,
7,O,BUCHANAN,LIBERTY,,11,11,2,12,-41,M,G WK PRO TWINS Y OFF,R,,G WK,Y OFF,PRO TWINS,,N,Pass,DB,LOBO/SLANT-SIT,R,CROSSERS,,,LEFT,Scramble,2,,,,,ODD,,3 BASE,,,,,,,BOB,,,,,,
7,O,BUCHANAN,WEST,P,11,11,1,10,47,L,G WK PRO TWINS Y OFF,L,,G WK,Y OFF,PRO TWINS,,BOLT WK,Pass,QK,MONEY/SLANT-ARROW,R,MONEY,,,FIELD,Complete,17,,,,,WC-G,,,4-BRONCO,,,,FADE-HITCH,SLANT-SPEED OUT,SWING,,,,,,
50,O,BUCHANAN,WEST,,11,11,3,7,-40,R,G WK PRO TWINS Y OFF,R,,G WK,Y OFF,PRO TWINS,,BOLT WK,Pass,QK,MONEY/SLANT-ARROW,L,MONEY,,,FIELD,Complete,8,,,,,SET-G,,,4-BRONCO,,,,FADE-HITCH,SLANT-SPEED OUT,SWING,,,,,,
33,O,BUCHANAN,CENTRAL,,11,11,1,11,35,R,G WK PRO TWINS Y OFF,R,,G WK,Y OFF,PRO TWINS,,N,Pass,RPO,PWR O ST/BUBBLE WK,L,POWER RPO,,,FIELD,Complete,25,,,,,MINT,,,0,,,,BUBBLE,,HALF SLIDE,,,,,,
48,O,BUCHANAN,WEST,,11,11,1,10,-37,M,G WK PRO TWINS Y SNIF,L,,G WK,Y SNIF,PRO TWINS,,N,Pass,RPO,PWR O ST/HITCH SCR WK,L,POWER RPO,,,RIGHT,Complete,1,,,,,SET-G,,,4-BRONCO,,,,JAILBREAK,HITCH,PAP,,,,,,
61,O,BUCHANAN,DE LA SALLE,,11,11,2,10,-20,R,P PRO TWINS Y OFF,L,,P,Y OFF,PRO TWINS,,N,Pass,PA,BENGAL,R,BENGAL,,,FIELD,Incomplete,0,,,,,,,,,,,,,,,,,,,,
108,O,BUCHANAN,CENTRAL,,11,1,3,11,49,R,EG PRO Y OFF TRIPS,,,EG,Y OFF,EMPTY TE,,R OUT WK,Pass,QK,CHINA,R,CHINA,,,BOUND,Incomplete,0,,,,,DIME,,SMOKE,,,,,,,,,,,,,
124,O,BUCHANAN,CENTRAL,,11,11,2,8,26,L,G WK PRO TWINS Y OFF,L,,G WK,Y OFF,PRO TWINS,,N,Pass,DB,CHINA COP,R,CHINA COP,,,FIELD,Incomplete,0,,,,,DIME,,BULLETS,,,,,,,HALF SLIDE,,,,,,
27,O,BUCHANAN,LIBERTY,,11,11,1,10,-35,M,G WK PRO TWINS Y OFF,R,,G WK,Y OFF,PRO TWINS,,N,Pass,DB,FADE-POST/CHINA,L,CHINA/FADE-POST,,,FIELD,Complete,35,,,,,ODD,,3 BASE,0 UNDER,,,,,,HALF SLIDE,,,,,,
121,O,BUCHANAN,CENTRAL,,11,11,1,10,28,L,G ST PRO TWINS Y OFF,L,,G ST,Y OFF,PRO TWINS,,N,Pass,DB,CHOP/FADE-POST,R,CHOP/FADE-POST,,,FIELD,Incomplete,0,,,,,DIME,,BULLETS,,,,,,,HALF SLIDE,,,,,,
59,O,BUCHANAN,CENTRAL,P,11,11,1,10,-38,M,G ST PRO TWINS Y OFF,L,,G ST,Y OFF,PRO TWINS,PASS,N,Pass,DB,DBP,R,DBP,,,LEFT,Scramble,5,,,,,MINT,,,,,,,,,SWING,,,,,,
23,O,BUCHANAN,WEST,P,11,11,1,10,-21,L,G WK PRO TWINS Y OFF,L,,G WK,Y OFF,PRO TWINS,,N,Pass,RPO,PEEL WK/FADE-BUBBLE,R,PEEL RPO,,,FIELD,Incomplete,0,,,,,SET-G,,,4-BRONCO,,,,FADE-BUBBLE,HITCH,PAP,,,,,,
49,O,BUCHANAN,LIBERTY,GL,11,11,3,4,4,R,G ST TRIPS,R,,G ST,N,TRIPS,,N,Pass,QK,PIVOT-SLANT-CORNER,R,PIVOT-SLANT-CORNER,,,FIELD,"Complete, TD",4,,,,,ODD,,4 BASE,SPECIAL,,,,,,HALF SLIDE,,,,,,
94,O,BUCHANAN,CENTRAL,,11,11,1,10,-39,R,P PRO TWINS UP,R,,P,UP,PRO TWINS,,N,Pass,PA,SCISSORS/Z POST,L,SCISSORS,,,FIELD,Penalty,10,,,,,MINT,,,,,,,,,PAP,,,,,,
25,O,BUCHANAN,WEST,,11,11,3,7,-24,M,G WK PRO TWINS Y OFF,L,,G WK,Y OFF,PRO TWINS,,BOLT WK,Pass,QK,SLANTS-SWING,R,SLANTS-SWING,,,LEFT,Incomplete,0,,,,,SET-G,,,4-BRONCO,,,,SLANT-SLANT,DIG,SWING,,,,,,
24,O,BUCHANAN,CENTRAL,,11,11,2,6,27,R,G WK TRIPS,L,,G WK,N,TRIPS,,N,Pass,SPRINT,SPRINT WK,R,SPRINT WK,,,FIELD,"Rush, TD",27,3,,,,MINT,,,0,,,,,,,,,,,,
9,O,BUCHANAN,LIBERTY,,11,11,1,10,41,R,G WK PRO TWINS Y OFF,R,,G WK,Y OFF,PRO TWINS,,N,Pass,RPO,STRETCH OG ST/SLANTS,R,STRETCH PIN PULL RPO,,,BOUND,Sack,-3,,,,,ODD,,4 BASE,0 UNDER,,,,,,PAP,,,,,,
98,O,BUCHANAN,WEST,P,11,11,1,10,-33,R,G WK PRO TWINS Y OFF,R,,G WK,Y OFF,PRO TWINS,,N,Run,ST,LB PEEL ST,R,LB PEEL,,,BOUND,"Rush, TD",67,,,,,SET-G,,,4- BRONCO,,,,,,,,,,,,
123,O,BUCHANAN,WEST,SC,11,11,1,10,-25,R,G WK PRO TWINS Y OFF,R,,G WK,Y OFF,PRO TWINS,,N,Run,ST,LB PEEL ST,R,LB PEEL,,,BOUND,Rush,8,,,,,WC-G,,,4-BRONCO,,,,,,,,,,,,
125,O,BUCHANAN,WEST,,11,11,3,1,-34,R,G WK PRO TWINS Y OFF,R,,G WK,Y OFF,PRO TWINS,,N,Run,ST,LB PEEL ST,R,LB PEEL,,,FIELD,Rush,64,,,,,WC-G,,,4- BRONCO,,,,,,,,,,,,
126,O,BUCHANAN,WEST,GL,11,11,1,2,2,R,G WK PRO TWINS Y OFF,R,,G WK,Y OFF,PRO TWINS,,N,Run,ST,LB PEEL ST,R,LB PEEL,,,BOUND,"Rush, TD",2,,,,,INDIAN,,,GAOLINE,,,,,,,,,,,,
88,O,BUCHANAN,LIBERTY,,11,11,1,10,-20,M,G WK PRO TWINS Y OFF,R,,G WK,Y OFF,PRO TWINS,,N,Run,ST,LB PEEL ST,R,LB PEEL,,,RIGHT,Rush,3,,,,,ODD,,5 BASE,0 UNDER,,,,,,,,,,,,
51,O,BUCHANAN,WEST,,11,11,1,10,-48,L,G WK PRO TWINS Y OFF,L,,G WK,Y OFF,PRO TWINS,,N,Run,ST,LB PEEL ST,L,LB PEEL,,,BOUND,Rush,14,,,,,SET-G,,,4-BRONCO,,,,,,,,,,,,
52,O,BUCHANAN,WEST,,11,11,1,10,38,L,G WK PRO TWINS Y OFF,L,,G WK,Y OFF,PRO TWINS,,N,Run,ST,LB PEEL ST,L,LB PEEL,,,BOUND,Penalty,4,,,,,SET-G,,,4-BRONCO,,,,,,,,,,,,
13,O,BUCHANAN,LIBERTY,,11,11,2,27,37,L,G WK PRO TWINS Y OFF,L,,G WK,Y OFF,PRO TWINS,,N,Run,ST,LB PEEL ST,L,LB PEEL,,,BOUND,Rush,3,,,,,ODD,,3 BASE,4,,,,,,,,,,,,
29,O,BUCHANAN,LIBERTY,,11,11,2,7,27,M,G WK PRO TWINS Y OFF,L,,G WK,Y OFF,PRO TWINS,,N,Run,ST,LB PEEL ST,L,LB PEEL,,,RIGHT,Rush,5,,,,,ODD,,4 BASE,0 UNDER,,,,,,,,,,,,
36,O,BUCHANAN,WEST,P,11,11,1,10,47,L,G WK PRO TWINS Y OFF,L,,G WK,Y OFF,PRO TWINS,,N,Run,ST,LB PEEL ST,L,LB PEEL,,,FIELD,Rush,1,,,,,SET-G,,,4-BRONCO,,,,,,,,,,,,
70,O,BUCHANAN,WEST,,11,11,1,10,-47,L,G ST TREY OPEN Y OFF,R,,G ST,Y OFF,TREY OPEN,,N,Run,ST,LB PEEL SAME ST,R,LB PEEL,,,BOUND,"Rush, TD",53,,,,,SET-G,,,4-SKY,,,,,,,,,,,,
104,O,BUCHANAN,WEST,SC,11,11,1,10,28,M,G WK PRO TWINS Y OFF,R,,G WK,Y OFF,PRO TWINS,,N,Run,ST,LB PEEL ST,R,LB PEEL,,,MID,Rush,15,,,,,SET-G,,,4-BRONCO,,,,,,,,,,,,
20,O,BUCHANAN,CENTRAL,,11,11,2,5,-40,L,G WK PRO TWINS Y OFF,L,,G WK,Y OFF,PRO TWINS,,N,Run,ST,STRETCH OG ST,L,STRETCH PIN PULL,,,BOUND,Rush,1,8,,,,MINT,,,0,,,,,,,,,,,,
11,O,BUCHANAN,LIBERTY,RZ,11,11,1,10,20,L,G WK PRO TWINS Y OFF,L,,G WK,Y OFF,PRO TWINS,,N,Run,ST,STRETCH OG ST,L,STRETCH PIN PULL,,,BOUND,Penalty,-11,,,,,ODD,,4 BASE,0 UNDER,,,,,,,,,,,,
92,O,BUCHANAN,CENTRAL,,11,11,2,6,-22,M,G WK PRO TWINS Y OFF,R,,G WK,Y OFF,PRO TWINS,,N,Run,ST,STRETCH OG ST,R,STRETCH PIN PULL,,,FIELD,Rush,-3,2,,,,MINT,,,,,,,,,,,,,,,
106,O,BUCHANAN,CENTRAL,,11,11,1,10,48,R,G WK PRO TWINS Y OFF,R,,G WK,Y OFF,PRO TWINS,,N,Run,ST,STRETCH OG ST,R,STRETCH PIN PULL,,,BOUND,Rush,1,,,,,MINT,,,,,,,,,,,,,,,
79,O,BUCHANAN,CENTRAL,P,11,11,1,10,-33,M,G WK PRO TWINS Y OFF,L,,G WK,Y OFF,PRO TWINS,,YAC,Run,ST,STRETCH OG ST,R,STRETCH PIN PULL,,,LEFT,Rush,8,2,,,,MINT,,,,,,,,,,,,,,,
103,O,BUCHANAN,CENTRAL,,11,11,2,2,-32,R,G WK PRO TWINS Y OFF,L,,G WK,Y OFF,PRO TWINS,,YAC,Run,ST,STRETCH OG ST,R,STRETCH PIN PULL,,,BOUND,Rush,2,2,,,,MINT,,,,,,,,,,,,,,,
96,O,BUCHANAN,CENTRAL,,11,11,2,10,-49,R,G WK TREY OPEN,L,,G WK,N,TREY OPEN,,N,Run,ST,STRETCH OG ST,L,STRETCH PIN PULL,,,FIELD,Rush,0,7,,,,MINT,,,,,,,,,,,,,,,
24,O,BUCHANAN,WEST,,11,11,2,10,-21,L,G WK TREY OPEN,R,,G WK,N,TREY OPEN,,N,Run,ST,STRETCH OG ST,R,STRETCH PIN PULL,,,FIELD,Rush,3,,,,,WC-G,,,4-BRONCO,,,,,,,,,,,,
10,O,BUCHANAN,LIBERTY,,11,11,2,13,44,L,G WK TREY OPEN Y OFF,R,,G WK,Y OFF,TREY OPEN,,N,Pass,RPO,STRETCH OG ST/X POST,R,STRETCH PIN PULL RPO,,,FIELD,Complete,24,,,,,ODD,,4 BASE,0 UNDER,,,,,,PAP,,,,,,
117,O,BUCHANAN,CENTRAL,,11,11,2,6,-35,R,G WK TRIPS,R,,G WK,N,TRIPS,,N,Run,ST,STRETCH OG ST,R,STRETCH PIN PULL,,,BOUND,Rush,1,,,,,MINT,,,,,,,,,,,,,,,
9,O,BUCHANAN,WEST,,11,11,2,8,28,R,G WK PRO TWINS,R,,G WK,N,PRO TWINS,,N,Run,ST,STRETCH CT ST,R,STRETCH PIN PULL,,,BOUND,Rush,8,,,,,SET-G,,,4-BRONCO,,,,,,,,,,,,
8,O,BUCHANAN,WEST,,11,11,1,10,30,R,G WK PRO TWINS Y OFF,R,,G WK,Y OFF,PRO TWINS,,N,Run,WK,CTR OY WK,L,COUNTER,,,FIELD,Rush,2,,,,,SET-G,,,4-BRONCO,,,,,,,,,,,,
32,O,BUCHANAN,CENTRAL,SC,11,11,1,10,34,R,G WK PRO TWINS Y OFF,R,,G WK,Y OFF,PRO TWINS,,N,Run,WK,CTR OY BASE WK,L,COUNTER,,,FIELD,Penalty,-1,2,,,,MINT,,,0,,,,,,,,,,,,
104,O,BUCHANAN,CENTRAL,,11,11,1,10,-34,R,G WK PRO TWINS Y OFF,R,,G WK,Y OFF,PRO TWINS,,N,Run,WK,CTR OY WK,L,COUNTER,,,FIELD,Rush,4,,,,,MINT,,,,,,,,,,,,,,,
91,O,BUCHANAN,CENTRAL,P,11,11,1,10,-18,L,G WK PRO TWINS Y OFF,L,,G WK,Y OFF,PRO TWINS,,N,Run,WK,CTR OY WK,R,COUNTER,,,FIELD,Rush,4,7,,,,MINT,,,,,,,,,,,,,,,
23,O,BUCHANAN,CENTRAL,,11,11,1,10,31,R,G ST TREY OPEN Y OFF,L,,G ST,Y OFF,TREY OPEN,,N,Run,WK,CTR OY WK,R,COUNTER,,,BOUND,Rush,4,2,,,,MINT,,,0,,,,,,,,,,,,
47,O,BUCHANAN,CENTRAL,,11,11,1,10,23,R,G ST TREY OPEN Y OFF,R,,G ST,Y OFF,TREY OPEN,,YAC,Run,WK,CTR OY WK,R,COUNTER,,,BOUND,"Rush, TD",23,2,,,,DIME,,BULLETS,,,,,,,,,,,,,
101,O,BUCHANAN,CENTRAL,P,11,11,1,10,-24,R,G WK PRO TWINS Y OFF,R,,G WK,Y OFF,PRO TWINS,,N,Run,WK,CTR OY ARC WK,L,COUNTER,,,FIELD,Timeout,0,,,,,,,,,,,,,,,,,,,,
71,O,BUCHANAN,LIBERTY,,11,11,3,3,-27,R,G WK PRO TWINS Y OFF,R,,G WK,Y OFF,PRO TWINS,,N,Run,WK,CTR OY ARC WK,L,COUNTER,,,FIELD,"Rush, TD",73,,,,,ODD,,5 BASE,0 UNDER,,,,,,,,,,,,
102,O,BUCHANAN,CENTRAL,,11,11,1,10,-24,R,G ST TREY OPEN Y OFF,L,,G ST,Y OFF,TREY OPEN,,N,Run,WK,CTR OY ARC WK,R,COUNTER,,,BOUND,Rush,8,2,,,,MINT,,,,,,,,,,,,,,,
53,O,BUCHANAN,WEST,,11,11,1,6,34,L,G ST TREY OPEN Y OFF,L,,G ST,Y OFF,TREY OPEN,,YAC,Run,ST,PWR O ST,R,POWER,,,FIELD,Rush,10,,,,,SET-G,,,4-BRONCO,,,,,,,,,,,,
45,O,BUCHANAN,LIBERTY,,11,11,2,6,-38,R,G ST TREY OPEN Y OFF,L,,G ST,Y OFF,TREY OPEN,,N,Run,ST,PWR O ST,L,POWER,,,FIELD,Rush,-2,,,,,ODD,,4 BASE,0 UNDER,,,,,,,,,,,,
28,O,BUCHANAN,LIBERTY,,11,11,1,10,30,L,G ST TREY OPEN Y OFF,R,,G ST,Y OFF,TREY OPEN,,N,Run,ST,PWR O ST,R,POWER,,,FIELD,Rush,3,,,,,ODD,,4 BASE,0 UNDER,,,,,,,,,,,,
36,O,BUCHANAN,CENTRAL,GL,11,11,3,2,2,L,TREY OPEN Y OFF,R,,DOT,Y OFF,TREY OPEN,,N,Run,ST,PWR O ST,L,POWER,,,BOUND,"Rush, TD",2,2,,,,MINT,,,0,,,,,,,,,,,,
80,O,BUCHANAN,CENTRAL,,11,11,2,2,-41,L,G WK PRO TWINS Y OFF,L,,G WK,Y OFF,PRO TWINS,,N,Run,ST,PWR O ST,L,POWER,,,BOUND,Rush,2,2,,,,MINT,,,,,,,,,,,,,,,
60,O,BUCHANAN,DE LA SALLE,P,11,11,1,10,-20,M,G WK PRO TWINS Y SNIF,R,,G WK,Y SNIF,PRO TWINS,,N,Run,ST,PWR O ST,L,POWER,,,LEFT,Rush,0,,,,,,,,,,,,,,,,,,,,
56,O,BUCHANAN,WEST,,11,11,2,14,28,R,G WK PRO TWINS Y OFF,R,,G WK,Y OFF,PRO TWINS,,N,Run,ST,STRETCH ST,R,STRETCH,CRACK,,BOUND,Rush,6,,,,,SET-G,,,4-BRONCO,,,,,,,,,,,,
124,O,BUCHANAN,WEST,,11,11,2,2,-33,R,G WK PRO TWINS Y OFF,R,,G WK,Y OFF,PRO TWINS,,N,Run,ST,STRETCH ST,R,STRETCH,CRACK,,BOUND,Rush,1,,,,,WC-G,,,4-BRONCO,,,,,,,,,,,,
54,O,BUCHANAN,WEST,,11,11,1,10,24,M,G WK PRO TWINS Y OFF,L,,G WK,Y OFF,PRO TWINS,,N,Run,ST,STRETCH ST,L,STRETCH,,,RIGHT,Penalty,-9,,,,,SET-G,,,4-BRONCO,,,,,,,,,,,,
47,O,BUCHANAN,WEST,P,11,11,1,10,-27,L,G WK TREY OPEN Y OFF,R,,G WK,Y OFF,TREY OPEN,,N,Run,ST,STRETCH ST,R,STRETCH,,,FIELD,Rush,10,,,,,WC-G,,,BLUE-SKY,,,,,,,,,,,,
49,O,BUCHANAN,WEST,,11,11,2,9,-38,L,G WK TREY OPEN Y OFF,R,,G WK,Y OFF,TREY OPEN,,YAC,Run,ST,STRETCH ST,R,STRETCH,,,FIELD,Rush,2,,,,,WC-G,,,BLUE-SKY,,,,,,,,,,,,
105,O,BUCHANAN,WEST,RZ,11,11,1,10,13,R,G WK TREY OPEN Y OFF,L,,G WK,Y OFF,TREY OPEN,,N,Run,ST,STRETCH ST,L,STRETCH,,,FIELD,Penalty,-10,,,,,WC-G,,,4-SKY,,,,,,,,,,,,
36,O,BUCHANAN,DE LA SALLE,,11,11,3,21,-9,M,G ST TREY OPEN Y OFF,R,,G ST,Y OFF,TREY OPEN,,N,Run,DRAW,SPRINT DRAW T WK,L,SPRINT DRAW,,,RIGHT,Rush,-6,,,,,,,,,,,,,,,,,,,,
113,O,BUCHANAN,WEST,RZ,11,11,3,15,15,M,G ST TREY OPEN Y OFF,L,,G ST,Y OFF,TREY OPEN,,N,Run,DRAW,SPRINT DRAW WK,R,SPRINT DRAW,,,LEFT,Rush,12,,,,,WC-G,,,BLUE- LOCK SOLO,,,,,,,,,,,,
14,O,BUCHANAN,DE LA SALLE,P,11,11,1,10,-10,R,G ST TREY OPEN Y OFF,L,,G ST,Y OFF,TREY OPEN,,N,Run,ST,LB PEEL ST,L,LB PEEL,,,BOUND,Rush,-2,,,,,,,,,,,,,,,,,,,,
97,O,BUCHANAN,DE LA SALLE,P,11,11,1,10,-32,L,G ST TREY OPEN Y OFF,R,,G ST,Y OFF,TREY OPEN,,N,Run,ST,PEEL ARC ST,L,PEEL,,,BOUND,Rush,6,,,,,,,,,,,,,,,,,,,,
120,O,BUCHANAN,CENTRAL,,11,11,2,5,44,L,G WK TRIPS,L,,G WK,N,TRIPS,,N,Pass,SPRINT,PIVOT-WHEEL-OUT,R,PIVOT-WHEEL-OUT,,,FIELD,Rush,18,,,,,MINT,,,,,,,,,,,,,,,
89,O,BUCHANAN,LIBERTY,,11,1,2,7,-23,M,EG PRO Y OFF TRIPS,R,,EG,Y OFF,EMPTY TE,,N,Run,ST,QB PWR O ST,L,QB POWER,,,RIGHT,Rush,2,,,,,ODD WALK,,6 GAPS,0 MAN,,,,,,,,,,,,
6,O,BUCHANAN,LIBERTY,,11,11,1,10,-43,R,G ST TREY OPEN Y OFF,L,,G ST,Y OFF,TREY OPEN,,N,Run,WK,ZONE CUT WK,R,ZONE CUT,,,FIELD,Rush,-2,,,,,ODD,,4 BASE,0 UNDER,,,,,,,,,,,,
119,O,BUCHANAN,CENTRAL,,11,11,1,10,49,L,G WK TRIPS,L,,G WK,N,TRIPS,,N,Run,ST,ZONE LOCK ST,L,ZONE LOCK,,,BOUND,Rush,2,,,,,MINT,,,,,,,,,,,,,,,
22,O,BUCHANAN,DE LA SALLE,P,12,12,1,10,-8,R,PAIR TREY OPEN,R,,DOT,N,PAIR TREY OPEN,BOTH,N,Run,ST,PWR O ARC ST,R,POWER,,,BOUND,Rush,8,,,,,,,,,,,,,,,,,,,,
74,O,BUCHANAN,DE LA SALLE,P,12,12,1,10,-1,R,PAIR TREY OPEN,R,,DOT,N,PAIR TREY OPEN,BOTH,N,Run,ST,PWR O ARC ST,R,POWER,,,BOUND,Rush,4,,,,,,,,,,,,,,,,,,,,
76,O,BUCHANAN,DE LA SALLE,,12,12,3,2,-9,R,PAIR TREY OPEN,R,,DOT,N,PAIR TREY OPEN,BOTH,N,Run,ST,PWR O ARC ST,R,POWER,,,LEFT,Rush,5,,,,,,,,,,,,,,,,,,,,
102,O,BUCHANAN,DE LA SALLE,,12,12,1,10,-34,R,PAIR TREY OPEN,R,,DOT,N,PAIR TREY OPEN,BOTH,N,Run,ST,PWR O ARC ST,R,POWER,,,BOUND,Rush,4,,,,,,,,,,,,,,,,,,,,
120,O,BUCHANAN,DE LA SALLE,,12,12,3,3,-26,R,PAIR TREY OPEN,R,,DOT,N,PAIR TREY OPEN,BOTH,N,Run,ST,PWR O ARC ST,R,POWER,,,BOUND,Rush,9,,,,,,,,,,,,,,,,,,,,
24,O,BUCHANAN,DE LA SALLE,,12,12,3,3,-15,R,PAIR TREY OPEN,L,,DOT,N,PAIR TREY OPEN,,N,Run,ST,PWR O ARC ST,L,POWER,,,RIGHT,Rush,-1,,,,,,,,,,,,,,,,,,,,
75,O,BUCHANAN,DE LA SALLE,,12,12,2,5,-6,R,PAIR TREY OPEN,L,,DOT,N,PAIR TREY OPEN,,N,Run,ST,PWR O ARC ST,L,POWER,,,FIELD,Rush,3,,,,,,,,,,,,,,,,,,,,
104,O,BUCHANAN,DE LA SALLE,,12,12,1,10,-45,R,PAIR TREY OPEN,L,,DOT,N,PAIR TREY OPEN,,N,Run,ST,PWR O ARC ST,L,POWER,,,FIELD,Rush,2,,,,,,,,,,,,,,,,,,,,
122,O,BUCHANAN,DE LA SALLE,,12,12,2,5,-40,R,G WK PAIR TREY OPEN,L,,G WK,N,PAIR TREY OPEN,,N,Run,ST,PWR O ARC ST,L,POWER,,,FIELD,Rush,3,,,,,,,,,,,,,,,,,,,,
126,O,BUCHANAN,DE LA SALLE,,12,12,3,2,41,M,G WK PAIR TREY OPEN,L,,G WK,N,PAIR TREY OPEN,,N,Run,ST,PWR O ARC ST,L,POWER,,,RIGHT,Rush,3,,,,,,,,,,,,,,,,,,,,
123,O,BUCHANAN,DE LA SALLE,,12,12,3,2,-43,M,G WK PAIR TREY OPEN,R,,G WK,N,PAIR TREY OPEN,,N,Run,ST,PWR O ARC ST,R,POWER,,,MID,Rush,8,,,,,,,,,,,,,,,,,,,,
127,O,BUCHANAN,DE LA SALLE,,12,12,1,10,38,M,G WK PAIR TREY OPEN,R,,G WK,N,PAIR TREY OPEN,,N,Run,ST,PWR O ARC ST,R,POWER,,,LEFT,Rush,1,,,,,,,,,,,,,,,,,,,,
109,O,BUCHANAN,WEST,GL,12,12,1,2,2,L,PAIR TREY OPEN,R,,DOT,N,PAIR TREY OPEN,,N,Run,ST,PWR O ST,R,POWER,,,BOUND,Penalty,1,,,,,,,,GOALINE,,,,,,,,,,,,
31,O,BUCHANAN,LIBERTY,,12,12,3,2,22,R,PAIR TREY OPEN,R,,DOT,N,PAIR TREY OPEN,BOTH,N,Run,ST,PWR O ST,R,POWER,,,BOUND,Penalty,-10,,,,,ODD WALK,,6 GAPS,0 UNDER,,,,,,,,,,,,
48,O,BUCHANAN,LIBERTY,GL,12,12,2,5,5,R,PAIR TREY OPEN,R,,DOT,N,PAIR TREY OPEN,BOTH,N,Run,ST,PWR O ST,R,POWER,,,BOUND,Rush,1,,,,,ODD,,4 BASE,0 MAN,,,,,,,,,,,,
135,O,BUCHANAN,LIBERTY,,12,12,1,10,-38,R,PAIR TREY OPEN,R,,DOT,N,PAIR TREY OPEN,BOTH,N,Run,ST,PWR O ST,R,POWER,,,BOUND,Rush,-2,,,,,ODD,,,,,,,,,,,,,,,
80,O,BUCHANAN,DE LA SALLE,,12,12,2,10,-25,L,PAIR TREY OPEN,R,,DOT,N,PAIR TREY OPEN,,N,Run,WK,CTR OU ARC WK,L,COUNTER,,,BOUND,Rush,-3,,,,,,,,,,,,,,,,,,,,
123,O,BUCHANAN,LIBERTY,,12,12,2,7,-24,M,G WK PAIR TREY OPEN,R,,G WK,N,PAIR TREY OPEN,,N,Run,WK,CTR OU ARC WK,L,COUNTER,,,RIGHT,Rush,1,,,,,ODD,,4 BASE,0 MAN,,,,,,,,,,,,
125,O,BUCHANAN,DE LA SALLE,,12,12,2,10,49,M,G WK SLOT PRO,R,,G WK,N,ACE,BOTH,N,Run,ST,CTR OU ARC ST,R,COUNTER,,,LEFT,Rush,8,,,,,,,,,,,,,,,,,,,,
99,O,BUCHANAN,DE LA SALLE,,12,12,1,10,-20,M,SLOT PRO,L,,DOT,N,ACE,,N,Run,ST,CTR OU ARC ST,L,COUNTER,,,MID,Rush,-1,,,,,,,,,,,,,,,,,,,,
34,O,BUCHANAN,CENTRAL,RZ,12,12,1,10,10,L,UNB G ST PAIR TREY OPEN,R,,G ST,N,UNB PAIR TREY OPEN,,X JET,Run,WK,CTR OU WK,L,COUNTER,,,BOUND,Rush,-1,3,,,,MINT,,,0,,,,,,,,,,,,
23,O,BUCHANAN,DE LA SALLE,,12,12,2,2,-16,R,ACE,L,,DOT,N,ACE,,N,Run,ST,ZONE ST,L,ZONE,,,BOUND,Rush,-1,,,,,,,,,,,,,,,,,,,,
120,O,BUCHANAN,LIBERTY,,12,12,1,10,-3,R,ACE,L,,DOT,N,ACE,,N,Run,ST,ZONE ST,L,ZONE,,,BOUND,Penalty,-1,,,,,UNDER,,5 BASE,0,,,,,,,,,,,,
136,O,BUCHANAN,LIBERTY,,12,12,2,12,-36,R,ACE,L,,DOT,N,ACE,,N,Run,ST,ZONE ST,L,ZONE,,,FIELD,Rush,-4,,,,,ODD WALK,,6 GAPS,0 MAN,,,,,,,,,,,,
122,O,BUCHANAN,LIBERTY,,12,12,1,10,-21,L,ACE,R,,DOT,N,ACE,,N,Run,ST,ZONE ST,R,ZONE,,,FIELD,Rush,3,,,,,ODD,,5 BASE,0 MAN,,,,,,,,,,,,
47,O,BUCHANAN,LIBERTY,RZ,12,12,1,8,8,R,ACE,L,,DOT,N,ACE,,N,Run,WK,ZONE WK,R,ZONE,,,BOUND,Rush,3,,,,,ODD,,5 BASE,0 MAN,,,,,,,,,,,,
119,O,BUCHANAN,DE LA SALLE,,12,12,2,4,-25,R,PAIR TREY OPEN,L,,DOT,N,PAIR TREY OPEN,,N,Run,ST,PEEL ACROSS ST,L,PEEL,,,FIELD,Rush,1,,,,,,,,,,,,,,,,,,,,
137,O,BUCHANAN,LIBERTY,,12,12,3,16,-32,L,PAIR TREY OPEN,L,,DOT,N,PAIR TREY OPEN,BOTH,N,Run,ST,PEEL ACROSS ST,L,PEEL,,,FIELD,Rush,2,,,,,ODD,,4 BASE,0 MAN,,,,,,,,,,,,
114,O,BUCHANAN,WEST,GL,12,12,4,3,3,M,G WK PAIR TREY OPEN,R,,G WK,N,PAIR TREY OPEN,,N,Run,ST,PEEL ACROSS ST,R,PEEL,,,MID,Rush,-1,,,,,WC-G,,,GOALINE,,,,,,,,,,,,
77,O,BUCHANAN,DE LA SALLE,,12,12,1,10,-14,R,G ST ACE,L,,G ST,N,ACE,,N,Run,WK,STRETCH CT WK,R,STRETCH PIN PULL,,,BOUND,Rush,2,,,,,,,,,,,,,,,,,,,,
121,O,BUCHANAN,DE LA SALLE,,12,12,1,10,-35,R,G ST ACE,L,,G ST,N,ACE,,N,Run,WK,STRETCH CT WK,R,STRETCH PIN PULL,,,BOUND,Rush,5,,,,,,,,,,,,,,,,,,,,
124,O,BUCHANAN,DE LA SALLE,,12,12,1,10,49,R,G WK ACE,L,,G WK,N,ACE,,N,Run,ST,STRETCH CT ST,L,STRETCH PIN PULL,,,FIELD,Rush,0,,,,,,,,,,,,,,,,,,,,
111,O,BUCHANAN,WEST,RZ,12,12,1,6,6,L,G WK WG TREY OPEN,R,,G WK,N,PAIR TREY OPEN,,N,Run,ST,STRETCH ST,R,STRETCH,,,FIELD,Rush,-9,,,,,WC-G,,,GOALINE,,,,,,,,,,,,
121,O,BUCHANAN,LIBERTY,,12,12,1,11,-2,R,SLOT TRIPS,R,,DOT,N,SLOT TRIPS,,N,Run,WK,STRETCH WK,L,STRETCH,,,FIELD,Rush,19,,,,,ODD WALK,,6 GAPS,0,,,,,,,,,,,,
35,O,BUCHANAN,CENTRAL,RZ,12,12,2,11,11,M,UNB G ST WG TREY OPEN,R,,G ST,N,UNB PAIR TREY OPEN,,X JET,Run,ST,JET SWP LD ST,R,JET SWEEP LD,,,LEFT,Rush,9,17,,,,MINT,,,0,,,,,,,,,,,,
79,O,BUCHANAN,DE LA SALLE,,12,12,1,10,-25,L,ACE,R,,DOT,N,ACE,,N,Pass,QK,SLANT-ARROW,R,SLANT-ARROW,,,BOUND,Rush,0,,,,,,,,,,,,,,,,,,,,
78,O,BUCHANAN,DE LA SALLE,,12,12,2,8,-16,R,SLOT PRO,L,,DOT,N,ACE,,UAC,Pass,PA,BOOT O ST,L,BOOT,,,FIELD,Rush,9,,,,,,,,,,,,,,,,,,,,
100,O,BUCHANAN,DE LA SALLE,,12,12,2,11,-19,M,SLOT PRO,R,,DOT,N,ACE,BOTH,UAC,Pass,PA,BOOT O ST,R,BOOT,,,LEFT,Incomplete,0,,,,,,,,,,,,,,,,,,,,
103,O,BUCHANAN,DE LA SALLE,,12,12,2,6,-38,R,P PAIR TREY OPEN,R,,P,N,PAIR TREY OPEN,BOTH,N,Pass,PA,BENGAL,R,BENGAL,,,BOUND,Rush,7,,,,,,,,,,,,,,,,,,,,
124,O,BUCHANAN,LIBERTY,,12,12,3,6,-25,L,G ST ACE,R,,G ST,N,ACE,,BOLT ST,Pass,QK,INV $,L,INV $,,,LEFT,Incomplete,0,,,,,ODD,,3 BASE,4 PRESS,,,,,,SWING,,,,,,
129,O,BUCHANAN,DE LA SALLE,,12,12,3,9,37,R,G ST ACE,L,,G ST,N,ACE,,N,Pass,DB,OUTSIDE VERTS,L,OUTSIDE VERTS,,,RIGHT,Incomplete,0,,,,,,,,,,,,,,,,,,,,
118,O,BUCHANAN,DE LA SALLE,P,12,12,1,10,-19,R,G WK PAIR TREY OPEN,R,,G WK,N,PAIR TREY OPEN,BOTH,N,Pass,RPO,PEEL ST/Z HITCH,R,PEEL PRO,,,BOUND,Complete,6,,,,,,,,,,,,,,,,,,,,
105,O,BUCHANAN,DE LA SALLE,,12,12,2,8,-47,M,G WK ACE,R,,G WK,N,ACE,,N,Pass,RPO,STRETCH CT ST/U SLANT,L,STRETCH PIN PULL RPO,,,MID,Incomplete,0,,,,,,,,,,,,,,,,,,,,
128,O,BUCHANAN,DE LA SALLE,,12,12,2,9,37,R,G WK ACE,L,,G WK,N,ACE,,N,Pass,RPO,STRETCH CT ST/Z HITCH,R,STRETCH PIN PULL RPO,,,BOUND,Incomplete,0,,,,,,,,,,,,,,,,,,,,
76,O,BUCHANAN,CENTRAL,P,10,10,1,10,-29,M,G WK DBL TWINS,R,,G WK,N,DBL TWINS,,N,Pass,DB,VERTS,R,VERTS,,,LEFT,Complete,13,,,,,MINT,,,,,,,,,HALF SLIDE,,,,,,
110,O,BUCHANAN,LIBERTY,,10,10,2,8,-22,L,G WK DBL TWINS,R,,G WK,N,DBL TWINS,,N,Pass,DB,VERTS,L,VERTS,,,BOUND,Incomplete,0,,,,,ODD,,3 BASE,4,,,,,,HALF SLIDE,,,,,,
14,O,BUCHANAN,LIBERTY,,10,10,3,24,34,L,G ST DBL TWINS,R,,G ST,N,DBL TWINS,,N,Pass,DB,VERTS,L,VERTS,,,BOUND,Incomplete,0,,,,,ODD,,3 BASE,4,,,,,,BOB,,,,,,
65,O,BUCHANAN,WEST,P,10,10,1,10,-28,L,G ST TRIPS OPEN,R,,G ST,N,TRIPS OPEN,,N,Pass,DB,VERTS,L,VERTS,,,BOUND,Penalty,-5,,,,,WC-G,,,BLUE-SOLO,,,,VERTS,FADE,,,,,,,
62,O,BUCHANAN,LIBERTY,2M,10,10,1,10,-20,M,G ST TRIPS OPEN,R,,G ST,N,TRIPS OPEN,,N,Pass,DB,VERTS (Z DIG),R,VERTS,,,LEFT,Scramble,1,,,,,ODD,,3 BASE,5,,,,,,HALF SLIDE,,,,,,
32,O,BUCHANAN,LIBERTY,,10,10,3,12,32,R,G ST TRIPS OPEN,L,,G ST,N,TRIPS OPEN,,N,Pass,DB,LOBO,R,LOBO,,,BOUND,Incomplete,0,,,,,ODD,,5 CROSS DOG,SPECIAL,,,,,,HALF SLIDE,,,,,,
46,O,BUCHANAN,CENTRAL,,10,10,2,14,39,L,G WK TRIPS OPEN,R,,G WK,N,TRIPS OPEN,,N,Pass,DB,LOBO,R,LOBO,,,FIELD,Complete,16,,,,,DIME,,BULLETS,,,,,,,HALF SLIDE,,,,,,
46,O,BUCHANAN,LIBERTY,,10,10,3,8,-36,L,G ST DBL TWINS,R,,G ST,N,DBL TWINS,,N,Pass,QK,LOBO/SCISSORS,L,LOBO,,,BOUND,Scramble,56,,,,,ODD,,5 CROSS DOG,4 PRESS,,,,,,BOB,,,,,,
64,O,BUCHANAN,LIBERTY,2M,10,10,3,3,-27,R,G ST TRIPS OPEN,R,,G ST,N,TRIPS OPEN,,N,Pass,SPRINT,PIVOT-WHEEL-OUT,L,PIVOT-WHEEL-OUT,,,FIELD,Complete,11,,,,,ODD,,3 BASE,5,,,,,,SPRINT,,,,,,
111,O,BUCHANAN,LIBERTY,,10,10,3,8,-22,L,G ST TRIPS OPEN,R,,G ST,N,TRIPS OPEN,,N,Pass,SPRINT,PIVOT-WHEEL-OUT,R,PIVOT-WHEEL-OUT,,,FIELD,Rush,1,,,,,ODD,,3 BASE,3,,,,,,,,,,,,
63,O,BUCHANAN,LIBERTY,2M,10,10,2,9,-21,R,G ST TRIPS OPEN,L,,G ST,N,TRIPS OPEN,,N,Pass,SPRINT,PIVOT-WHEEL-OUT,L,PIVOT-WHEEL-OUT,,,FIELD,Complete,6,,,,,ODD,,3 BASE,5,,,,,,BOOT,,,,,,
47,O,BUCHANAN,DE LA SALLE,,10,10,3,10,44,M,G ST TRIPS OPEN,L,,G ST,N,TRIPS OPEN,,N,Pass,SPRINT,COMEBACK-FLAT-CORNER,L,COMEBACK-FLAT-CORNER,,,RIGHT,Incomplete,0,,,,,,,,,,,,,,,,,,,,
77,O,BUCHANAN,CENTRAL,,10,10,1,10,-42,R,G ST TRIPS OPEN,L,,G ST,N,TRIPS OPEN,,N,Pass,SPRINT,COMEBACK-FLAT-CORNER,L,COMEBACK-FLAT-CORNER,,,BOUND,Rush,-18,,,,,MINT,,,,,,,,,,,,,,,
67,O,BUCHANAN,WEST,,10,10,2,11,-27,L,G ST TRIPS OPEN,R,,G ST,N,TRIPS OPEN,,N,Pass,DB,DIG-PIVOT-SEAM,R,DIG-PIVOT-SEAM,,,FIELD,Rush,0,,,,,WC-G,,,BLUE-SOLO,,,,DIG-PIVOT-SEAM,OUT,,,,,,,
38,O,BUCHANAN,WEST,,10,10,3,6,43,R,G WK TRIPS OPEN,L,,G WK,N,TRIPS OPEN,,N,Pass,DB,DIG-PIVOT-SEAM,R,DIG-PIVOT-SEAM,,,BOUND,"Complete, TD",43,,,,,SET-G,,,?,,,,FADE-PIVOT-SEAM,OUT,HALF SLIDE,,,,,,
65,O,BUCHANAN,LIBERTY,2M,10,10,1,10,-38,R,G ST TRIPS OPEN,L,,G ST,N,TRIPS OPEN,,N,Pass,DB,DIG-SEAM-BEND/X SHALLOW,L,DIG-VERTICAL-BEND/X SHALLOW,,,FIELD,Complete,12,,,,,ODD,,3 BASE,5,,,,,,HALF SLIDE,,,,,,
66,O,BUCHANAN,LIBERTY,2M,10,10,1,10,50,L,G ST TRIPS OPEN,R,,G ST,N,TRIPS OPEN,,N,Pass,DB,DIG-SEAM-BEND/X SHALLOW,L,DIG-VERTICAL-BEND/X SHALLOW,,,FIELD,Sack,0,,,,,ODD,,4 FIELD EDGE,SPECIAL,,,,,,HALF SLIDE,,,,,,
62,O,BUCHANAN,CENTRAL,,10,10,3,6,-42,M,G WK DBL TWINS,R,,G WK,N,DBL TWINS,,N,Pass,DB,CHOP,R,CHOP,,,LEFT,Incomplete,0,,,,,DIME,,BULLETS,,,,,,,HALF SLIDE,,,,,,
125,O,BUCHANAN,CENTRAL,,11,11,3,8,26,L,G WK TRIPS,L,,G WK,N,TRIPS,,N,Pass,SPRINT,COMEBACK-FLAT-OUT,R,COMEBACK-FLAT-OUT,,,FIELD,Complete,11,,,,,DIME,,BULLETS,,,,,,,SPRINT,,,,,,
81,O,BUCHANAN,DE LA SALLE,,10,10,3,13,-22,L,G ST DBL TWINS,R,,G ST,N,DBL TWINS,,N,Pass,DB,CROSSERS,L,CROSSERS,,,BOUND,Incomplete,0,,,,,,,,,,,,,,,,,,,,
106,O,BUCHANAN,DE LA SALLE,,10,10,3,8,-47,M,G ST TRIPS OPEN,L,,G ST,N,TRIPS OPEN,,N,Pass,TRICK,DBL MOVES,R,DBL MOVES,,,LEFT,Incomplete,0,,,,,,,,,,,,,,,,,,,,
35,O,BUCHANAN,DE LA SALLE,,10,10,2,13,-27,L,G ST TRIPS OPEN,R,,G ST,N,TRIPS OPEN,,N,Pass,PA,DBL SLANT-ARROW,R,DBL SLANT-ARROW,,,FIELD,Sack,-18,,,,,,,,,,,,,,,,,,,,
83,O,BUCHANAN,CENTRAL,,10,10,3,10,-43,R,G ST DBL TWINS,L,,G ST,N,DBL TWINS,,N,Pass,DB,DBP,L,DBP,,,FIELD,Scramble,-2,,,,,MINT,,,,,,,,,HALF SLIDE,,,,,,
8,O,BUCHANAN,LIBERTY,,10,10,3,10,-43,R,G ST TRIPS OPEN,L,,G ST,N,TRIPS OPEN,,N,Pass,DB,DIG-POST-BEND/X SHALLOW,R,DIG-VERTICAL-BEND/X SHALLOW,,,BOUND,Complete,16,,,,,ODD,,3 BASE,0 UNDER,,,,,,HALF SLIDE,,,,,,
43,O,BUCHANAN,DE LA SALLE,P,10,10,1,10,-18,L,G ST TRIPS OPEN,R,,G ST,N,TRIPS OPEN,,BOLT ST,Pass,QK,INV $,L,INV $,,,FIELD,Penalty,21,,,,,,,,,,,,,,,,,,,,
44,O,BUCHANAN,DE LA SALLE,,10,10,1,10,-39,L,G WK DBL TWINS,R,,G WK,N,DBL TWINS,,N,Pass,DB,MESH,R,MESH,,,FIELD,Scramble,17,,,,,,,,,,,,,,,,,,,,
62,O,BUCHANAN,DE LA SALLE,,10,10,3,10,-20,R,G ST TRIPS OPEN,L,,G ST,N,TRIPS OPEN,,N,Pass,DB,DIG-SEAM-BEND/X SHALLOW,L,MESH WHEEL,,,FIELD,Incomplete,0,,,,,,,,,,,,,,,,,,,,
46,O,BUCHANAN,DE LA SALLE,,10,10,2,10,44,M,G WK DBL TWINS,L,,G WK,N,DBL TWINS,,BOLT WK,Pass,QK,MONEY/SLANTS-T SWING,R,MONEY,,,LEFT,Complete,0,,,,,,,,,,,,,,,,,,,,
44,O,BUCHANAN,CENTRAL,,10,10,2,8,45,R,G WK TRIPS OPEN,L,,G WK,N,TRIPS OPEN,,N,Pass,QK,QDP,L,QDP,,,FIELD,Penalty,10,,,,,DINE,,BULLETS,0,,,,SLANT-CORNER-?,SLANT,SWING,,,,,,
101,O,BUCHANAN,DE LA SALLE,,10,10,3,11,-19,M,G ST TRIPS OPEN,L,,G ST,N,TRIPS OPEN,,N,Pass,QK,SLANT-WHEEL-SLANT,R,SLANT-WHEEL-SLANT,,,LEFT,Complete,15,,,,,,,,,,,,,,,,,,,,
45,O,BUCHANAN,DE LA SALLE,,10,10,1,10,44,M,G WK DBL TWINS,L,,G WK,N,DBL TWINS,,N,Pass,RPO,STRETCH CT ST/SLANTS,L,STRETCH PIN PULL RPO,,,RIGHT,Incomplete,0,,,,,,,,,,,,,,,,,,,,
129,O,BUCHANAN,CENTRAL,,10,10,4,18,23,L,G ST TRIPS OPEN,R,,G ST,N,TRIPS OPEN,,N,Pass,DB,VERTS/X CROSS,L,VERTS/X CROSS,,,BOUND,Incomplete,0,,,,,DIME,,BULLET,,,,,,,HALF SLIDE,,,,,,
45,O,BUCHANAN,CENTRAL,,10,10,1,10,35,R,G ST TRIPS OPEN,L,,G ST,N,TRIPS OPEN,,N,Pass,RPO,ZONE RD WK/BUBBLE ST,L,ZONE RD RPO,,,FIELD,Complete,-4,,,,,DIME,,BULLETS,0,,,,,,PAP,,,,,,
109,O,BUCHANAN,LIBERTY,,10,10,1,10,-20,M,G WK DBL TWINS,R,,G WK,N,DBL TWINS,,N,Run,ST,CTR OT RD ST,R,COUNTER RD,,,RIGHT,Rush,2,,,,,ODD,,4 BASE,4,,,,,,,,,,,,
69,O,BUCHANAN,LIBERTY,,10,10,1,10,-20,M,G ST DBL TWINS,R,,G ST,N,DBL TWINS,,N,Run,WK,CTR OT RD WK,L,COUNTER RD,,,RIGHT,Rush,-4,,,,,ODD,,4 BASE,4 PRESS,,,,,,,,,,,,
43,O,BUCHANAN,CENTRAL,P,10,10,1,10,47,R,G ST TRIPS OPEN,L,,G ST,N,TRIPS OPEN,,N,Run,WK,ZONE LOCK WK,R,ZONE LOCK,,,BOUND,Rush,2,2,,,,MINT,,,0,,,,,,,,,,,,
66,O,BUCHANAN,WEST,,10,10,1,15,-23,L,G ST TRIPS OPEN,R,,G ST,N,TRIPS OPEN,,N,Run,WK,ZONE LOCK WK,L,ZONE LOCK,,,BOUND,Rush,4,,,,,WC-G,,,BLUE-SOLO,,,,,,,,,,,,
34,O,BUCHANAN,DE LA SALLE,P,10,10,1,10,-20,L,G ST DBL TWINS,R,,G ST,N,DBL TWINS,,N,Run,WK,KICK O WK,L,KICK,,,BOUND,Rush,7,,,,,,,,,,,,,,,,,,,,
70,O,BUCHANAN,LIBERTY,,10,0,2,14,-16,M,EG 3X2,L,,EG,N,EMPTY,,N,Run,DRAW,QB DRAW,R,QB DRAW,,,LEFT,Rush,11,,,,,ODD,,5 DOUBLE EDGE,0 MAN,,,,,,,,,,,,